<?xml version="1.0" encoding="utf-8"?>
<odoo>
    <template id="picking_report" inherit_id="stock.report_picking">
        
        <!--remove barcode column from report.("th[6] and td[6] is barcode coumn")-->
        <xpath expr="//div[hasclass('justify-content-end')][1]" position="before">
            <div class="row justify-content-end mb-5">
                <div class="col-4">
                    <div class="justify-content-end" style="margin-left:15%">
                        <img style="display:block;"
                             t-att-src="'/report/barcode/?barcode_type=%s&amp;value=%s&amp;width=%s&amp;height=%s'%('QR', o.get_report_qrcode(), 150, 150)"/>
                     </div>
                </div>
            </div>
        </xpath>
    </template>
</odoo>
